timestamp,message_count,concurrent_keys,processor_latency_ms,jitter,num_partitions,duration_ms,actual_tps,theoretical_tps,efficiency_pct
2025-12-08T16:04:56Z,100000,1,0,0.00,10,5020,552287.9,-1.0,-1.00
2025-12-08T16:05:01Z,100000,10,0,0.00,10,5020,584091.7,-1.0,-1.00
2025-12-08T16:05:07Z,100000,20,0,0.00,10,5020,604142.0,-1.0,-1.00
2025-12-08T16:05:12Z,100000,30,0,0.00,10,5020,622475.1,-1.0,-1.00
2025-12-08T16:05:18Z,100000,40,0,0.00,10,5020,643666.3,-1.0,-1.00
2025-12-08T16:05:23Z,100000,50,0,0.00,10,5020,693760.3,-1.0,-1.00
2025-12-08T16:05:28Z,100000,60,0,0.00,10,5020,783711.3,-1.0,-1.00
2025-12-08T16:05:34Z,100000,70,0,0.00,10,5021,779684.5,-1.0,-1.00
2025-12-08T16:05:39Z,100000,80,0,0.00,10,5021,784375.2,-1.0,-1.00
2025-12-08T16:05:45Z,100000,90,0,0.00,10,5020,840519.8,-1.0,-1.00
2025-12-08T16:05:50Z,100000,100,0,0.00,10,5020,829958.2,-1.0,-1.00
2025-12-08T16:05:56Z,100000,110,0,0.00,10,5021,823431.6,-1.0,-1.00
2025-12-08T16:06:01Z,100000,120,0,0.00,10,5021,791897.3,-1.0,-1.00
2025-12-08T16:06:06Z,100000,130,0,0.00,10,5021,798428.7,-1.0,-1.00
2025-12-08T16:06:12Z,100000,140,0,0.00,10,5021,849762.1,-1.0,-1.00
2025-12-08T16:06:17Z,100000,150,0,0.00,10,5021,863036.2,-1.0,-1.00
2025-12-08T16:06:23Z,100000,160,0,0.00,10,5021,785632.4,-1.0,-1.00
2025-12-08T16:06:28Z,100000,170,0,0.00,10,5020,804000.7,-1.0,-1.00
2025-12-08T16:06:34Z,100000,180,0,0.00,10,5020,804861.4,-1.0,-1.00
2025-12-08T16:06:39Z,100000,190,0,0.00,10,5020,680036.2,-1.0,-1.00
2025-12-08T16:06:45Z,100000,200,0,0.00,10,5021,822375.2,-1.0,-1.00
2025-12-08T16:06:50Z,100000,210,0,0.00,10,5020,850492.0,-1.0,-1.00
2025-12-08T16:06:55Z,100000,220,0,0.00,10,5020,887689.5,-1.0,-1.00
2025-12-08T16:07:01Z,100000,230,0,0.00,10,5020,798569.0,-1.0,-1.00
2025-12-08T16:07:06Z,100000,240,0,0.00,10,5020,775500.4,-1.0,-1.00
2025-12-08T16:07:12Z,100000,250,0,0.00,10,5020,789833.3,-1.0,-1.00
2025-12-08T16:07:17Z,100000,260,0,0.00,10,5020,802034.0,-1.0,-1.00
2025-12-08T16:07:23Z,100000,270,0,0.00,10,5020,834091.0,-1.0,-1.00
2025-12-08T16:07:28Z,100000,280,0,0.00,10,5021,853562.8,-1.0,-1.00
2025-12-08T16:07:34Z,100000,290,0,0.00,10,5021,860059.7,-1.0,-1.00
2025-12-08T16:07:39Z,100000,300,0,0.00,10,5020,878765.5,-1.0,-1.00
2025-12-08T16:07:44Z,100000,310,0,0.00,10,5021,845265.7,-1.0,-1.00
2025-12-08T16:07:50Z,100000,320,0,0.00,10,5020,801577.5,-1.0,-1.00
2025-12-08T16:07:55Z,100000,330,0,0.00,10,5020,797429.1,-1.0,-1.00
2025-12-08T16:08:01Z,100000,340,0,0.00,10,5020,823743.6,-1.0,-1.00
2025-12-08T16:08:06Z,100000,350,0,0.00,10,5020,782185.0,-1.0,-1.00
2025-12-08T16:08:12Z,100000,360,0,0.00,10,5021,706848.7,-1.0,-1.00
2025-12-08T16:08:17Z,100000,370,0,0.00,10,5020,850231.7,-1.0,-1.00
2025-12-08T16:08:23Z,100000,380,0,0.00,10,5020,851034.9,-1.0,-1.00
2025-12-08T16:08:28Z,100000,390,0,0.00,10,5021,847270.9,-1.0,-1.00
2025-12-08T16:08:33Z,100000,400,0,0.00,10,5021,865351.3,-1.0,-1.00
2025-12-08T16:08:39Z,100000,410,0,0.00,10,5021,848399.5,-1.0,-1.00
2025-12-08T16:08:44Z,100000,420,0,0.00,10,5021,829256.2,-1.0,-1.00
2025-12-08T16:08:50Z,100000,430,0,0.00,10,5020,760294.4,-1.0,-1.00
2025-12-08T16:08:55Z,100000,440,0,0.00,10,5020,776283.0,-1.0,-1.00
2025-12-08T16:09:01Z,100000,450,0,0.00,10,5020,782723.7,-1.0,-1.00
2025-12-08T16:09:06Z,100000,460,0,0.00,10,5020,786757.3,-1.0,-1.00
2025-12-08T16:09:12Z,100000,470,0,0.00,10,5020,797619.9,-1.0,-1.00
2025-12-08T16:09:17Z,100000,480,0,0.00,10,5026,762619.4,-1.0,-1.00
2025-12-08T16:09:23Z,100000,490,0,0.00,10,5021,903065.0,-1.0,-1.00
2025-12-08T16:09:28Z,100000,500,0,0.00,10,5020,841701.2,-1.0,-1.00
2025-12-08T16:09:33Z,100000,510,0,0.00,10,5021,862329.2,-1.0,-1.00
2025-12-08T16:09:39Z,100000,520,0,0.00,10,5021,856267.0,-1.0,-1.00
2025-12-08T16:09:44Z,100000,530,0,0.00,10,5020,835205.6,-1.0,-1.00
2025-12-08T16:09:50Z,100000,540,0,0.00,10,5020,863311.8,-1.0,-1.00
2025-12-08T16:09:55Z,100000,550,0,0.00,10,5021,826064.0,-1.0,-1.00
2025-12-08T16:10:00Z,100000,560,0,0.00,10,5020,767595.2,-1.0,-1.00
2025-12-08T16:10:06Z,100000,570,0,0.00,10,5020,802967.8,-1.0,-1.00
2025-12-08T16:10:11Z,100000,580,0,0.00,10,5020,784541.4,-1.0,-1.00
2025-12-08T16:10:17Z,100000,590,0,0.00,10,5019,781964.8,-1.0,-1.00
2025-12-08T16:10:22Z,100000,600,0,0.00,10,5020,789689.8,-1.0,-1.00
2025-12-08T16:10:28Z,100000,610,0,0.00,10,5020,774527.3,-1.0,-1.00
2025-12-08T16:10:33Z,100000,620,0,0.00,10,5020,723620.4,-1.0,-1.00
2025-12-08T16:10:39Z,100000,630,0,0.00,10,5021,850094.4,-1.0,-1.00
2025-12-08T16:10:44Z,100000,640,0,0.00,10,5020,869330.9,-1.0,-1.00
2025-12-08T16:10:50Z,100000,650,0,0.00,10,5021,850622.2,-1.0,-1.00
2025-12-08T16:10:55Z,100000,660,0,0.00,10,5020,841205.6,-1.0,-1.00
2025-12-08T16:11:00Z,100000,670,0,0.00,10,5020,848608.3,-1.0,-1.00
2025-12-08T16:11:06Z,100000,680,0,0.00,10,5021,830185.5,-1.0,-1.00
2025-12-08T16:11:11Z,100000,690,0,0.00,10,5021,859815.7,-1.0,-1.00
2025-12-08T16:11:17Z,100000,700,0,0.00,10,5020,829951.3,-1.0,-1.00
2025-12-08T16:11:22Z,100000,710,0,0.00,10,5020,818096.3,-1.0,-1.00
2025-12-08T16:11:28Z,100000,720,0,0.00,10,5021,763504.5,-1.0,-1.00
2025-12-08T16:11:33Z,100000,730,0,0.00,10,5020,760300.2,-1.0,-1.00
2025-12-08T16:11:39Z,100000,740,0,0.00,10,5020,766735.9,-1.0,-1.00
2025-12-08T16:11:44Z,100000,750,0,0.00,10,5020,786447.9,-1.0,-1.00
2025-12-08T16:11:50Z,100000,760,0,0.00,10,5020,769112.4,-1.0,-1.00
2025-12-08T16:11:55Z,100000,770,0,0.00,10,5021,774725.4,-1.0,-1.00
2025-12-08T16:12:01Z,100000,780,0,0.00,10,5020,661257.6,-1.0,-1.00
2025-12-08T16:12:06Z,100000,790,0,0.00,10,5021,847292.5,-1.0,-1.00
2025-12-08T16:12:12Z,100000,800,0,0.00,10,5021,874148.8,-1.0,-1.00
2025-12-08T16:12:17Z,100000,810,0,0.00,10,5020,824470.3,-1.0,-1.00
2025-12-08T16:12:22Z,100000,820,0,0.00,10,5021,839553.0,-1.0,-1.00
2025-12-08T16:12:28Z,100000,830,0,0.00,10,5020,842013.1,-1.0,-1.00
2025-12-08T16:12:33Z,100000,840,0,0.00,10,5020,842971.3,-1.0,-1.00
2025-12-08T16:12:39Z,100000,850,0,0.00,10,5020,837584.1,-1.0,-1.00
2025-12-08T16:12:44Z,100000,860,0,0.00,10,5020,864558.3,-1.0,-1.00
2025-12-08T16:12:50Z,100000,870,0,0.00,10,5021,847306.8,-1.0,-1.00
2025-12-08T16:12:55Z,100000,880,0,0.00,10,5020,867483.3,-1.0,-1.00
2025-12-08T16:13:00Z,100000,890,0,0.00,10,5021,825791.1,-1.0,-1.00
2025-12-08T16:13:06Z,100000,900,0,0.00,10,5020,744058.7,-1.0,-1.00
2025-12-08T16:13:11Z,100000,910,0,0.00,10,5019,814133.4,-1.0,-1.00
2025-12-08T16:13:17Z,100000,920,0,0.00,10,5020,780201.6,-1.0,-1.00
2025-12-08T16:13:22Z,100000,930,0,0.00,10,5021,781042.5,-1.0,-1.00
2025-12-08T16:13:28Z,100000,940,0,0.00,10,5021,761887.3,-1.0,-1.00
2025-12-08T16:13:33Z,100000,950,0,0.00,10,5020,765462.3,-1.0,-1.00
2025-12-08T16:13:39Z,100000,960,0,0.00,10,5020,758898.1,-1.0,-1.00
2025-12-08T16:13:44Z,100000,970,0,0.00,10,5021,878379.6,-1.0,-1.00
2025-12-08T16:13:50Z,100000,980,0,0.00,10,5021,837051.2,-1.0,-1.00
2025-12-08T16:13:55Z,100000,990,0,0.00,10,5021,851310.2,-1.0,-1.00
2025-12-08T16:14:01Z,100000,1000,0,0.00,10,5020,844644.5,-1.0,-1.00
2025-12-08T16:14:06Z,100000,1010,0,0.00,10,5021,844908.6,-1.0,-1.00
2025-12-08T16:14:11Z,100000,1020,0,0.00,10,5021,904298.1,-1.0,-1.00
2025-12-08T16:14:17Z,100000,1030,0,0.00,10,5020,837794.6,-1.0,-1.00
2025-12-08T16:14:22Z,100000,1040,0,0.00,10,5020,857861.0,-1.0,-1.00
2025-12-08T16:14:28Z,100000,1050,0,0.00,10,5021,850694.6,-1.0,-1.00
2025-12-08T16:14:33Z,100000,1060,0,0.00,10,5020,842126.5,-1.0,-1.00
2025-12-08T16:14:39Z,100000,1070,0,0.00,10,5021,820681.2,-1.0,-1.00
2025-12-08T16:14:44Z,100000,1080,0,0.00,10,5020,824320.8,-1.0,-1.00
2025-12-08T16:14:50Z,100000,1090,0,0.00,10,5020,816126.7,-1.0,-1.00
2025-12-08T16:14:55Z,100000,1100,0,0.00,10,5020,768326.5,-1.0,-1.00
2025-12-08T16:15:00Z,100000,1110,0,0.00,10,5021,765479.9,-1.0,-1.00
2025-12-08T16:15:06Z,100000,1120,0,0.00,10,5020,743638.2,-1.0,-1.00
2025-12-08T16:15:11Z,100000,1130,0,0.00,10,5020,814365.4,-1.0,-1.00
2025-12-08T16:15:17Z,100000,1140,0,0.00,10,5020,779769.7,-1.0,-1.00
2025-12-08T16:15:22Z,100000,1150,0,0.00,10,5021,749366.8,-1.0,-1.00
2025-12-08T16:15:28Z,100000,1160,0,0.00,10,5020,709260.1,-1.0,-1.00
2025-12-08T16:15:33Z,100000,1170,0,0.00,10,5020,829696.5,-1.0,-1.00
2025-12-08T16:15:39Z,100000,1180,0,0.00,10,5021,814743.6,-1.0,-1.00
2025-12-08T16:15:44Z,100000,1190,0,0.00,10,5021,831075.6,-1.0,-1.00
2025-12-08T16:15:49Z,100000,1200,0,0.00,10,5014,905288.7,-1.0,-1.00
2025-12-08T16:15:55Z,100000,1210,0,0.00,10,5020,848759.5,-1.0,-1.00
2025-12-08T16:16:00Z,100000,1220,0,0.00,10,5020,818518.2,-1.0,-1.00
2025-12-08T16:16:06Z,100000,1230,0,0.00,10,5020,831358.9,-1.0,-1.00
2025-12-08T16:16:11Z,100000,1240,0,0.00,10,5021,845165.7,-1.0,-1.00
2025-12-08T16:16:17Z,100000,1250,0,0.00,10,5019,818457.9,-1.0,-1.00
2025-12-08T16:16:22Z,100000,1260,0,0.00,10,5020,835101.0,-1.0,-1.00
2025-12-08T16:16:28Z,100000,1270,0,0.00,10,5021,807624.0,-1.0,-1.00
2025-12-08T16:16:33Z,100000,1280,0,0.00,10,5020,868085.7,-1.0,-1.00
2025-12-08T16:16:39Z,100000,1290,0,0.00,10,5020,841757.9,-1.0,-1.00
2025-12-08T16:16:44Z,100000,1300,0,0.00,10,5021,829043.0,-1.0,-1.00
2025-12-08T16:16:49Z,100000,1310,0,0.00,10,5020,755218.6,-1.0,-1.00
2025-12-08T16:16:55Z,100000,1320,0,0.00,10,5021,776982.7,-1.0,-1.00
2025-12-08T16:17:00Z,100000,1330,0,0.00,10,5020,742429.1,-1.0,-1.00
2025-12-08T16:17:06Z,100000,1340,0,0.00,10,5020,727982.2,-1.0,-1.00
2025-12-08T16:17:12Z,100000,1350,0,0.00,10,5020,795595.6,-1.0,-1.00
2025-12-08T16:17:17Z,100000,1360,0,0.00,10,5020,782484.9,-1.0,-1.00
2025-12-08T16:17:23Z,100000,1370,0,0.00,10,5020,755846.5,-1.0,-1.00
2025-12-08T16:17:28Z,100000,1380,0,0.00,10,5020,693587.1,-1.0,-1.00
2025-12-08T16:17:34Z,100000,1390,0,0.00,10,5020,851919.4,-1.0,-1.00
2025-12-08T16:17:39Z,100000,1400,0,0.00,10,5020,845830.5,-1.0,-1.00
2025-12-08T16:17:44Z,100000,1410,0,0.00,10,5020,873866.2,-1.0,-1.00
2025-12-08T16:17:50Z,100000,1420,0,0.00,10,5020,834891.8,-1.0,-1.00
2025-12-08T16:17:55Z,100000,1430,0,0.00,10,5021,849019.0,-1.0,-1.00
2025-12-08T16:18:01Z,100000,1440,0,0.00,10,5021,863677.2,-1.0,-1.00
2025-12-08T16:18:06Z,100000,1450,0,0.00,10,5020,874561.6,-1.0,-1.00
2025-12-08T16:18:12Z,100000,1460,0,0.00,10,5021,918779.9,-1.0,-1.00
2025-12-08T16:18:17Z,100000,1470,0,0.00,10,5020,835401.0,-1.0,-1.00
2025-12-08T16:18:23Z,100000,1480,0,0.00,10,5020,831317.4,-1.0,-1.00
2025-12-08T16:18:28Z,100000,1490,0,0.00,10,5020,837689.3,-1.0,-1.00
2025-12-08T16:18:34Z,100000,1500,0,0.00,10,5020,785990.5,-1.0,-1.00
2025-12-08T16:18:39Z,100000,1510,0,0.00,10,5020,841935.1,-1.0,-1.00
2025-12-08T16:18:44Z,100000,1520,0,0.00,10,5020,831172.3,-1.0,-1.00
2025-12-08T16:18:50Z,100000,1530,0,0.00,10,5020,830282.0,-1.0,-1.00
2025-12-08T16:18:55Z,100000,1540,0,0.00,10,5020,816619.8,-1.0,-1.00
2025-12-08T16:19:01Z,100000,1550,0,0.00,10,5021,877639.5,-1.0,-1.00
2025-12-08T16:19:06Z,100000,1560,0,0.00,10,5020,728406.4,-1.0,-1.00
2025-12-08T16:19:12Z,100000,1570,0,0.00,10,5020,768775.4,-1.0,-1.00
2025-12-08T16:19:17Z,100000,1580,0,0.00,10,5020,782270.6,-1.0,-1.00
2025-12-08T16:19:23Z,100000,1590,0,0.00,10,5021,747177.5,-1.0,-1.00
2025-12-08T16:19:28Z,100000,1600,0,0.00,10,5020,775211.8,-1.0,-1.00
2025-12-08T16:19:34Z,100000,1610,0,0.00,10,5020,821814.2,-1.0,-1.00
2025-12-08T16:19:39Z,100000,1620,0,0.00,10,5021,856487.0,-1.0,-1.00
2025-12-08T16:19:45Z,100000,1630,0,0.00,10,5020,874982.5,-1.0,-1.00
2025-12-08T16:19:50Z,100000,1640,0,0.00,10,5020,862567.2,-1.0,-1.00
2025-12-08T16:19:55Z,100000,1650,0,0.00,10,5020,851056.6,-1.0,-1.00
2025-12-08T16:20:01Z,100000,1660,0,0.00,10,5019,852696.7,-1.0,-1.00
2025-12-08T16:20:06Z,100000,1670,0,0.00,10,5021,847134.6,-1.0,-1.00
2025-12-08T16:20:12Z,100000,1680,0,0.00,10,5021,832722.7,-1.0,-1.00
2025-12-08T16:20:17Z,100000,1690,0,0.00,10,5021,846589.5,-1.0,-1.00
2025-12-08T16:20:23Z,100000,1700,0,0.00,10,5021,832812.8,-1.0,-1.00
2025-12-08T16:20:28Z,100000,1710,0,0.00,10,5020,843953.1,-1.0,-1.00
2025-12-08T16:20:34Z,100000,1720,0,0.00,10,5020,847134.6,-1.0,-1.00
2025-12-08T16:20:39Z,100000,1730,0,0.00,10,5021,824021.9,-1.0,-1.00
2025-12-08T16:20:44Z,100000,1740,0,0.00,10,5021,828459.2,-1.0,-1.00
2025-12-08T16:20:50Z,100000,1750,0,0.00,10,5020,883993.5,-1.0,-1.00
2025-12-08T16:20:55Z,100000,1760,0,0.00,10,5020,839623.5,-1.0,-1.00
2025-12-08T16:21:01Z,100000,1770,0,0.00,10,5020,798830.5,-1.0,-1.00
2025-12-08T16:21:06Z,100000,1780,0,0.00,10,5020,753012.0,-1.0,-1.00
2025-12-08T16:21:12Z,100000,1790,0,0.00,10,5020,760577.7,-1.0,-1.00
2025-12-08T16:21:17Z,100000,1800,0,0.00,10,5020,762073.1,-1.0,-1.00
2025-12-08T16:21:23Z,100000,1810,0,0.00,10,5020,772809.5,-1.0,-1.00
2025-12-08T16:21:28Z,100000,1820,0,0.00,10,5020,754517.7,-1.0,-1.00
2025-12-08T16:21:34Z,100000,1830,0,0.00,10,5021,810661.8,-1.0,-1.00
2025-12-08T16:21:39Z,100000,1840,0,0.00,10,5021,837857.8,-1.0,-1.00
2025-12-08T16:21:45Z,100000,1850,0,0.00,10,5020,852028.3,-1.0,-1.00
2025-12-08T16:21:50Z,100000,1860,0,0.00,10,5020,839955.0,-1.0,-1.00
2025-12-08T16:21:55Z,100000,1870,0,0.00,10,5020,834724.5,-1.0,-1.00
2025-12-08T16:22:01Z,100000,1880,0,0.00,10,5021,850976.9,-1.0,-1.00
2025-12-08T16:22:06Z,100000,1890,0,0.00,10,5020,845544.4,-1.0,-1.00
2025-12-08T16:22:12Z,100000,1900,0,0.00,10,5020,860274.3,-1.0,-1.00
2025-12-08T16:22:17Z,100000,1910,0,0.00,10,5021,825171.0,-1.0,-1.00
2025-12-08T16:22:23Z,100000,1920,0,0.00,10,5020,830275.2,-1.0,-1.00
2025-12-08T16:22:28Z,100000,1930,0,0.00,10,5021,795089.5,-1.0,-1.00
2025-12-08T16:22:33Z,100000,1940,0,0.00,10,5020,827068.3,-1.0,-1.00
2025-12-08T16:22:39Z,100000,1950,0,0.00,10,5021,812664.6,-1.0,-1.00
2025-12-08T16:22:44Z,100000,1960,0,0.00,10,5022,803845.6,-1.0,-1.00
2025-12-08T16:22:50Z,100000,1970,0,0.00,10,5022,795962.9,-1.0,-1.00
2025-12-08T16:22:55Z,100000,1980,0,0.00,10,5021,852929.4,-1.0,-1.00
2025-12-08T16:23:01Z,100000,1990,0,0.00,10,5021,837598.1,-1.0,-1.00
2025-12-08T16:23:06Z,100000,2000,0,0.00,10,5020,758581.5,-1.0,-1.00
2025-12-08T16:23:12Z,100000,2010,0,0.00,10,5020,787128.9,-1.0,-1.00
2025-12-08T16:23:17Z,100000,2020,0,0.00,10,5020,780506.1,-1.0,-1.00
2025-12-08T16:23:23Z,100000,2030,0,0.00,10,5020,789060.5,-1.0,-1.00
2025-12-08T16:23:28Z,100000,2040,0,0.00,10,5020,780323.4,-1.0,-1.00
2025-12-08T16:23:34Z,100000,2050,0,0.00,10,5021,834752.4,-1.0,-1.00
2025-12-08T16:23:39Z,100000,2060,0,0.00,10,5019,839165.5,-1.0,-1.00
2025-12-08T16:23:45Z,100000,2070,0,0.00,10,5020,835107.9,-1.0,-1.00
2025-12-08T16:23:50Z,100000,2080,0,0.00,10,5021,824987.2,-1.0,-1.00
2025-12-08T16:23:56Z,100000,2090,0,0.00,10,5020,832376.1,-1.0,-1.00
2025-12-08T16:24:01Z,100000,2100,0,0.00,10,5021,837773.5,-1.0,-1.00
2025-12-08T16:24:06Z,100000,2110,0,0.00,10,5020,779672.4,-1.0,-1.00
2025-12-08T16:24:12Z,100000,2120,0,0.00,10,5020,844280.8,-1.0,-1.00
2025-12-08T16:24:17Z,100000,2130,0,0.00,10,5020,843092.1,-1.0,-1.00
2025-12-08T16:24:23Z,100000,2140,0,0.00,10,5021,846360.2,-1.0,-1.00
2025-12-08T16:24:28Z,100000,2150,0,0.00,10,5020,828610.3,-1.0,-1.00
2025-12-08T16:24:34Z,100000,2160,0,0.00,10,5021,821956.1,-1.0,-1.00
2025-12-08T16:24:39Z,100000,2170,0,0.00,10,5020,769041.5,-1.0,-1.00
2025-12-08T16:24:45Z,100000,2180,0,0.00,10,5021,838068.4,-1.0,-1.00
2025-12-08T16:24:50Z,100000,2190,0,0.00,10,5022,754364.0,-1.0,-1.00
2025-12-08T16:24:55Z,100000,2200,0,0.00,10,5024,835812.9,-1.0,-1.00
2025-12-08T16:25:01Z,100000,2210,0,0.00,10,5023,796565.2,-1.0,-1.00
2025-12-08T16:25:06Z,100000,2220,0,0.00,10,5023,798339.5,-1.0,-1.00
2025-12-08T16:25:12Z,100000,2230,0,0.00,10,5021,774281.5,-1.0,-1.00
2025-12-08T16:25:17Z,100000,2240,0,0.00,10,5019,798824.1,-1.0,-1.00
2025-12-08T16:25:23Z,100000,2250,0,0.00,10,5020,745506.5,-1.0,-1.00
2025-12-08T16:25:28Z,100000,2260,0,0.00,10,5019,737544.7,-1.0,-1.00
2025-12-08T16:25:34Z,100000,2270,0,0.00,10,5020,894806.5,-1.0,-1.00
2025-12-08T16:25:39Z,100000,2280,0,0.00,10,5021,833145.9,-1.0,-1.00
2025-12-08T16:25:45Z,100000,2290,0,0.00,10,5019,867935.0,-1.0,-1.00
2025-12-08T16:25:50Z,100000,2300,0,0.00,10,5020,832383.0,-1.0,-1.00
2025-12-08T16:25:56Z,100000,2310,0,0.00,10,5021,783422.8,-1.0,-1.00
2025-12-08T16:26:01Z,100000,2320,0,0.00,10,5021,825791.1,-1.0,-1.00
2025-12-08T16:26:07Z,100000,2330,0,0.00,10,5020,751851.4,-1.0,-1.00
2025-12-08T16:26:12Z,100000,2340,0,0.00,10,5021,805866.7,-1.0,-1.00
2025-12-08T16:26:18Z,100000,2350,0,0.00,10,5022,811648.8,-1.0,-1.00
2025-12-08T16:26:23Z,100000,2360,0,0.00,10,5020,834710.6,-1.0,-1.00
2025-12-08T16:26:29Z,100000,2370,0,0.00,10,5020,848421.1,-1.0,-1.00
2025-12-08T16:26:34Z,100000,2380,0,0.00,10,5021,826480.4,-1.0,-1.00
2025-12-08T16:26:39Z,100000,2390,0,0.00,10,5021,793928.0,-1.0,-1.00
2025-12-08T16:26:45Z,100000,2400,0,0.00,10,5021,825239.1,-1.0,-1.00
2025-12-08T16:26:50Z,100000,2410,0,0.00,10,5021,805509.7,-1.0,-1.00
2025-12-08T16:26:56Z,100000,2420,0,0.00,10,5027,811747.6,-1.0,-1.00
2025-12-08T16:27:01Z,100000,2430,0,0.00,10,5025,824694.7,-1.0,-1.00
2025-12-08T16:27:07Z,100000,2440,0,0.00,10,5025,747641.2,-1.0,-1.00
2025-12-08T16:27:12Z,100000,2450,0,0.00,10,5020,769900.0,-1.0,-1.00
2025-12-08T16:27:18Z,100000,2460,0,0.00,10,5020,768645.4,-1.0,-1.00
2025-12-08T16:27:23Z,100000,2470,0,0.00,10,5020,747484.7,-1.0,-1.00
2025-12-08T16:27:29Z,100000,2480,0,0.00,10,5020,770623.8,-1.0,-1.00
2025-12-08T16:27:34Z,100000,2490,0,0.00,10,5020,720492.2,-1.0,-1.00
2025-12-08T16:27:40Z,100000,2500,0,0.00,10,5021,842034.4,-1.0,-1.00
2025-12-08T16:27:45Z,100000,2510,0,0.00,10,5021,818953.9,-1.0,-1.00
2025-12-08T16:27:51Z,100000,2520,0,0.00,10,5020,806146.1,-1.0,-1.00
2025-12-08T16:27:56Z,100000,2530,0,0.00,10,5020,819746.0,-1.0,-1.00
2025-12-08T16:28:02Z,100000,2540,0,0.00,10,5021,827294.1,-1.0,-1.00
2025-12-08T16:28:07Z,100000,2550,0,0.00,10,5021,837296.5,-1.0,-1.00
2025-12-08T16:28:13Z,100000,2560,0,0.00,10,5020,824300.4,-1.0,-1.00
2025-12-08T16:28:18Z,100000,2570,0,0.00,10,5021,842339.3,-1.0,-1.00
2025-12-08T16:28:23Z,100000,2580,0,0.00,10,5020,811391.9,-1.0,-1.00
2025-12-08T16:28:29Z,100000,2590,0,0.00,10,5020,798530.7,-1.0,-1.00
2025-12-08T16:28:34Z,100000,2600,0,0.00,10,5021,776174.5,-1.0,-1.00
2025-12-08T16:28:40Z,100000,2610,0,0.00,10,5020,814226.2,-1.0,-1.00
2025-12-08T16:28:45Z,100000,2620,0,0.00,10,5020,788488.1,-1.0,-1.00
2025-12-08T16:28:51Z,100000,2630,0,0.00,10,5020,830454.4,-1.0,-1.00
2025-12-08T16:28:56Z,100000,2640,0,0.00,10,5021,823587.5,-1.0,-1.00
2025-12-08T16:29:01Z,100000,2650,0,0.00,10,5016,559352.9,-1.0,-1.00
2025-12-08T16:29:07Z,100000,2660,0,0.00,10,5025,736490.9,-1.0,-1.00
2025-12-08T16:29:12Z,100000,2670,0,0.00,10,5025,813504.2,-1.0,-1.00
2025-12-08T16:29:18Z,100000,2680,0,0.00,10,5025,766048.7,-1.0,-1.00
2025-12-08T16:29:23Z,100000,2690,0,0.00,10,5018,631364.9,-1.0,-1.00
2025-12-08T16:29:29Z,100000,2700,0,0.00,10,5019,707709.1,-1.0,-1.00
2025-12-08T16:29:34Z,100000,2710,0,0.00,10,5029,705228.6,-1.0,-1.00
2025-12-08T16:29:40Z,100000,2720,0,0.00,10,5020,808159.2,-1.0,-1.00
2025-12-08T16:29:45Z,100000,2730,0,0.00,10,5019,815241.8,-1.0,-1.00
2025-12-08T16:29:51Z,100000,2740,0,0.00,10,5020,820613.8,-1.0,-1.00
2025-12-08T16:29:56Z,100000,2750,0,0.00,10,5074,523026.2,-1.0,-1.00
2025-12-08T16:30:02Z,100000,2760,0,0.00,10,5019,831614.7,-1.0,-1.00
2025-12-08T16:30:07Z,100000,2770,0,0.00,10,5022,817547.8,-1.0,-1.00
2025-12-08T16:30:13Z,100000,2780,0,0.00,10,5020,818873.4,-1.0,-1.00
2025-12-08T16:30:18Z,100000,2790,0,0.00,10,5021,808387.8,-1.0,-1.00
2025-12-08T16:30:24Z,100000,2800,0,0.00,10,5020,828315.1,-1.0,-1.00
2025-12-08T16:30:29Z,100000,2810,0,0.00,10,5022,779101.4,-1.0,-1.00
2025-12-08T16:30:35Z,100000,2820,0,0.00,10,5025,801051.0,-1.0,-1.00
2025-12-08T16:30:40Z,100000,2830,0,0.00,10,5021,805678.4,-1.0,-1.00
2025-12-08T16:30:46Z,100000,2840,0,0.00,10,5022,855717.5,-1.0,-1.00
2025-12-08T16:30:51Z,100000,2850,0,0.00,10,5020,805315.1,-1.0,-1.00
2025-12-08T16:30:56Z,100000,2860,0,0.00,10,5027,803148.3,-1.0,-1.00
2025-12-08T16:31:02Z,100000,2870,0,0.00,10,5031,671817.3,-1.0,-1.00
2025-12-08T16:31:07Z,100000,2880,0,0.00,10,5029,689940.7,-1.0,-1.00
2025-12-08T16:31:13Z,100000,2890,0,0.00,10,5020,808897.9,-1.0,-1.00
2025-12-08T16:31:18Z,100000,2900,0,0.00,10,5019,813583.6,-1.0,-1.00
2025-12-08T16:31:24Z,100000,2910,0,0.00,10,5020,722146.8,-1.0,-1.00
2025-12-08T16:31:29Z,100000,2920,0,0.00,10,5020,636626.4,-1.0,-1.00
2025-12-08T16:31:35Z,100000,2930,0,0.00,10,5029,793122.0,-1.0,-1.00
2025-12-08T16:31:40Z,100000,2940,0,0.00,10,5020,524749.8,-1.0,-1.00
2025-12-08T16:31:46Z,100000,2950,0,0.00,10,5020,842836.3,-1.0,-1.00
2025-12-08T16:31:52Z,100000,2960,0,0.00,10,5020,822936.9,-1.0,-1.00
2025-12-08T16:31:58Z,100000,2970,0,0.00,10,5021,813835.2,-1.0,-1.00
2025-12-08T16:32:04Z,100000,2980,0,0.00,10,5036,675940.6,-1.0,-1.00
2025-12-08T16:32:09Z,100000,2990,0,0.00,10,5028,731785.9,-1.0,-1.00
2025-12-08T16:32:15Z,100000,3000,0,0.00,10,5019,825729.7,-1.0,-1.00
2025-12-08T16:32:20Z,100000,3010,0,0.00,10,5019,830089.1,-1.0,-1.00
2025-12-08T16:32:25Z,100000,3020,0,0.00,10,5020,825395.8,-1.0,-1.00
2025-12-08T16:32:31Z,100000,3030,0,0.00,10,5020,824273.2,-1.0,-1.00
2025-12-08T16:32:36Z,100000,3040,0,0.00,10,5039,551559.8,-1.0,-1.00
2025-12-08T16:32:42Z,100000,3050,0,0.00,10,5020,790926.5,-1.0,-1.00
2025-12-08T16:32:48Z,100000,3060,0,0.00,10,5020,804867.8,-1.0,-1.00
2025-12-08T16:32:53Z,100000,3070,0,0.00,10,5021,815627.4,-1.0,-1.00
2025-12-08T16:32:58Z,100000,3080,0,0.00,10,5020,784129.2,-1.0,-1.00
2025-12-08T16:33:04Z,100000,3090,0,0.00,10,5020,802156.2,-1.0,-1.00
2025-12-08T16:33:09Z,100000,3100,0,0.00,10,5020,824810.3,-1.0,-1.00
2025-12-08T16:33:15Z,100000,3110,0,0.00,10,5029,774827.4,-1.0,-1.00
2025-12-08T16:33:20Z,100000,3120,0,0.00,10,5030,747669.1,-1.0,-1.00
2025-12-08T16:51:37Z,100000,3100,0,0.00,10,5020,756057.9,-1.0,-1.00
2025-12-08T16:51:43Z,100000,3200,0,0.00,10,5020,777955.8,-1.0,-1.00
2025-12-08T16:51:48Z,100000,3300,0,0.00,10,5022,788009.6,-1.0,-1.00
2025-12-08T16:51:54Z,100000,3400,0,0.00,10,5025,726031.9,-1.0,-1.00
2025-12-08T16:51:59Z,100000,3500,0,0.00,10,5022,802935.5,-1.0,-1.00
2025-12-08T16:52:05Z,100000,3600,0,0.00,10,5024,730374.8,-1.0,-1.00
2025-12-08T16:52:10Z,100000,3700,0,0.00,10,5021,731914.4,-1.0,-1.00
2025-12-08T16:52:16Z,100000,3800,0,0.00,10,5033,666973.5,-1.0,-1.00
2025-12-08T16:52:21Z,100000,3900,0,0.00,10,5020,814564.4,-1.0,-1.00
2025-12-08T16:52:26Z,100000,4000,0,0.00,10,5031,666764.5,-1.0,-1.00
2025-12-08T16:52:32Z,100000,4100,0,0.00,10,5020,836715.1,-1.0,-1.00
2025-12-08T16:52:37Z,100000,4200,0,0.00,10,5021,821557.7,-1.0,-1.00
2025-12-08T16:52:43Z,100000,4300,0,0.00,10,5019,663697.7,-1.0,-1.00
2025-12-08T16:52:48Z,100000,4400,0,0.00,10,5020,766542.0,-1.0,-1.00
2025-12-08T16:52:54Z,100000,4500,0,0.00,10,5021,776837.8,-1.0,-1.00
2025-12-08T16:52:59Z,100000,4600,0,0.00,10,5020,817287.3,-1.0,-1.00
2025-12-08T16:53:05Z,100000,4700,0,0.00,10,5020,789122.7,-1.0,-1.00
2025-12-08T16:53:10Z,100000,4800,0,0.00,10,5021,774689.3,-1.0,-1.00
2025-12-08T16:53:16Z,100000,4900,0,0.00,10,5021,799296.6,-1.0,-1.00
2025-12-08T16:53:21Z,100000,5000,0,0.00,10,5021,799053.9,-1.0,-1.00
2025-12-08T16:53:26Z,20000,100,10,0.00,10,5040,9457.4,10000.0,94.57
2025-12-08T16:53:31Z,20000,100,10,0.10,10,5040,9464.7,10000.0,94.65
2025-12-08T16:53:36Z,20000,100,10,0.30,10,5040,9470.5,10000.0,94.71
2025-12-08T16:53:52Z,20000,100,50,0.00,10,15101,1967.0,2000.0,98.35
2025-12-08T16:54:07Z,20000,100,50,0.10,10,15120,1964.3,2000.0,98.22
2025-12-08T16:54:22Z,20000,100,50,0.30,10,15120,1964.3,2000.0,98.21
2025-12-08T16:54:47Z,20000,100,100,0.00,10,25220,988.0,1000.0,98.80
2025-12-08T16:55:13Z,20000,100,100,0.10,10,25221,988.4,1000.0,98.84
2025-12-08T16:55:38Z,20000,100,100,0.30,10,25211,988.8,1000.0,98.88
2025-12-08T16:55:43Z,100000,250,10,0.00,10,5040,23223.8,25000.0,92.90
2025-12-08T16:55:49Z,100000,250,10,0.10,10,5031,23307.5,25000.0,93.23
2025-12-08T16:55:54Z,100000,250,10,0.30,10,5040,23137.4,25000.0,92.55
2025-12-08T16:56:20Z,100000,250,50,0.00,10,25120,4921.4,5000.0,98.43
2025-12-08T16:56:45Z,100000,250,50,0.10,10,25120,4923.6,5000.0,98.47
2025-12-08T16:57:11Z,100000,250,50,0.30,10,25120,4922.9,5000.0,98.46
2025-12-08T16:57:56Z,100000,250,100,0.00,10,45221,2477.8,2500.0,99.11
2025-12-08T16:58:42Z,100000,250,100,0.10,10,45220,2477.8,2500.0,99.11
2025-12-08T16:59:28Z,100000,250,100,0.30,10,45220,2477.5,2500.0,99.10
2025-12-08T16:59:33Z,100000,500,10,0.00,10,5040,46149.6,50000.0,92.30
2025-12-08T16:59:39Z,100000,500,10,0.10,10,5040,46468.6,50000.0,92.94
2025-12-08T16:59:44Z,100000,500,10,0.30,10,5041,46030.6,50000.0,92.06
2025-12-08T17:00:00Z,100000,500,50,0.00,10,15121,9800.7,10000.0,98.01
2025-12-08T17:00:15Z,100000,500,50,0.10,10,15120,9799.6,10000.0,98.00
2025-12-08T17:00:31Z,100000,500,50,0.30,10,15121,9791.8,10000.0,97.92
2025-12-08T17:00:56Z,100000,500,100,0.00,10,25221,4935.2,5000.0,98.70
2025-12-08T17:01:22Z,100000,500,100,0.10,10,25220,4936.0,5000.0,98.72
2025-12-08T17:01:48Z,100000,500,100,0.30,10,25220,4937.1,5000.0,98.74
2025-12-08T17:01:53Z,100000,750,10,0.00,10,5040,68785.8,75000.0,91.71
2025-12-08T17:01:58Z,100000,750,10,0.10,10,5040,68387.9,75000.0,91.18
2025-12-08T17:02:04Z,100000,750,10,0.30,10,5040,67995.0,75000.0,90.66
2025-12-08T17:02:14Z,100000,750,50,0.00,10,10121,14588.7,15000.0,97.26
2025-12-08T17:02:25Z,100000,750,50,0.10,10,10110,14601.7,15000.0,97.34
2025-12-08T17:02:36Z,100000,750,50,0.30,10,10101,14615.1,15000.0,97.43
2025-12-08T17:02:51Z,100000,750,100,0.00,10,15221,7349.0,7500.0,97.99
2025-12-08T17:03:07Z,100000,750,100,0.10,10,15221,7346.3,7500.0,97.95
2025-12-08T17:03:23Z,100000,750,100,0.30,10,15220,7350.0,7500.0,98.00
2025-12-08T17:03:28Z,100000,1000,10,0.00,10,5031,90990.2,100000.0,90.99
2025-12-08T17:03:33Z,100000,1000,10,0.10,10,5041,90908.8,100000.0,90.91
2025-12-08T17:03:39Z,100000,1000,10,0.30,10,5040,90147.4,100000.0,90.15
2025-12-08T17:03:49Z,100000,1000,50,0.00,10,10120,19414.5,20000.0,97.07
2025-12-08T17:04:00Z,100000,1000,50,0.10,10,10101,19530.5,20000.0,97.65
2025-12-08T17:04:11Z,100000,1000,50,0.30,10,10120,19423.4,20000.0,97.12
2025-12-08T17:04:26Z,100000,1000,100,0.00,10,15221,9798.7,10000.0,97.99
2025-12-08T17:04:42Z,100000,1000,100,0.10,10,15220,9807.7,10000.0,98.08
2025-12-08T17:04:58Z,100000,1000,100,0.30,10,15219,9812.3,10000.0,98.12
2025-12-08T17:05:03Z,100000,1500,10,0.00,10,5041,132497.9,150000.0,88.33
2025-12-08T17:05:09Z,100000,1500,10,0.10,10,5041,133173.9,150000.0,88.78
2025-12-08T17:05:14Z,100000,1500,10,0.30,10,5030,135449.6,150000.0,90.30
2025-12-08T17:05:19Z,100000,1500,50,0.00,10,5120,28757.6,30000.0,95.86
2025-12-08T17:05:25Z,100000,1500,50,0.10,10,5120,28819.9,30000.0,96.07
2025-12-08T17:05:31Z,100000,1500,50,0.30,10,5121,28745.3,30000.0,95.82
2025-12-08T17:05:41Z,100000,1500,100,0.00,10,10220,14532.6,15000.0,96.88
2025-12-08T17:05:52Z,100000,1500,100,0.10,10,10210,14574.7,15000.0,97.16
2025-12-08T17:06:03Z,100000,1500,100,0.30,10,10220,14554.4,15000.0,97.03
2025-12-08T17:06:08Z,100000,2000,10,0.00,10,5040,173622.6,200000.0,86.81
2025-12-08T17:06:14Z,100000,2000,10,0.10,10,5031,173755.6,200000.0,86.88
2025-12-08T17:06:19Z,100000,2000,10,0.30,10,5040,174227.0,200000.0,87.11
2025-12-08T17:06:25Z,100000,2000,50,0.00,10,5120,38293.5,40000.0,95.73
2025-12-08T17:06:30Z,100000,2000,50,0.10,10,5135,37973.4,40000.0,94.93
2025-12-08T17:06:36Z,100000,2000,50,0.30,10,5121,38266.7,40000.0,95.67
2025-12-08T17:06:46Z,100000,2000,100,0.00,10,10221,19308.3,20000.0,96.54
2025-12-08T17:06:57Z,100000,2000,100,0.10,10,10220,19357.5,20000.0,96.79
2025-12-08T17:07:08Z,100000,2000,100,0.30,10,10221,19367.1,20000.0,96.84
2025-12-08T17:07:13Z,100000,2500,10,0.00,10,5040,212599.5,250000.0,85.04
2025-12-08T17:07:19Z,100000,2500,10,0.10,10,5040,215121.8,250000.0,86.05
2025-12-08T17:07:24Z,100000,2500,10,0.30,10,5030,218655.2,250000.0,87.46
2025-12-08T17:07:30Z,100000,2500,50,0.00,10,5121,47450.5,50000.0,94.90
2025-12-08T17:07:35Z,100000,2500,50,0.10,10,5120,47309.2,50000.0,94.62
2025-12-08T17:07:41Z,100000,2500,50,0.30,10,5120,47346.1,50000.0,94.69
2025-12-08T17:07:46Z,100000,2500,100,0.00,10,5220,24001.2,25000.0,96.00
2025-12-08T17:07:52Z,100000,2500,100,0.10,10,5220,24021.8,25000.0,96.09
2025-12-08T17:07:58Z,100000,2500,100,0.30,10,5219,24067.0,25000.0,96.27
2025-12-08T17:08:03Z,100000,3000,10,0.00,10,5040,230209.5,300000.0,76.74
2025-12-08T17:08:09Z,100000,3000,10,0.10,10,5041,248038.6,300000.0,82.68
2025-12-08T17:08:14Z,100000,3000,10,0.30,10,5040,238213.2,300000.0,79.40
2025-12-08T17:08:20Z,100000,3000,50,0.00,10,5120,55536.4,60000.0,92.56
2025-12-08T17:08:25Z,100000,3000,50,0.10,10,5101,56123.9,60000.0,93.54
2025-12-08T17:08:31Z,100000,3000,50,0.30,10,5120,55483.2,60000.0,92.47
2025-12-08T17:08:36Z,100000,3000,100,0.00,10,5220,28137.4,30000.0,93.79
2025-12-08T17:08:42Z,100000,3000,100,0.10,10,5220,28116.6,30000.0,93.72
2025-12-08T17:08:48Z,100000,3000,100,0.30,10,5219,28225.4,30000.0,94.08
2025-12-08T17:08:53Z,100000,3500,10,0.00,10,5029,308815.4,350000.0,88.23
2025-12-08T17:08:59Z,100000,3500,10,0.10,10,5029,293836.8,350000.0,83.95
2025-12-08T17:09:04Z,100000,3500,10,0.30,10,5030,291000.5,350000.0,83.14
2025-12-08T17:09:10Z,100000,3500,50,0.00,10,5119,64196.6,70000.0,91.71
2025-12-08T17:09:15Z,100000,3500,50,0.10,10,5121,64084.3,70000.0,91.55
2025-12-08T17:09:21Z,100000,3500,50,0.30,10,5120,64485.3,70000.0,92.12
2025-12-08T17:09:26Z,100000,3500,100,0.00,10,5146,33539.4,35000.0,95.83
2025-12-08T17:09:32Z,100000,3500,100,0.10,10,5201,33002.8,35000.0,94.29
2025-12-08T17:09:38Z,100000,3500,100,0.30,10,5220,32762.6,35000.0,93.61
2025-12-08T17:09:43Z,100000,4000,10,0.00,10,5039,317174.4,400000.0,79.29
2025-12-08T17:09:49Z,100000,4000,10,0.10,10,5030,329646.8,400000.0,82.41
2025-12-08T17:09:54Z,100000,4000,10,0.30,10,5041,324615.2,400000.0,81.15
2025-12-08T17:10:00Z,100000,4000,50,0.00,10,5121,73969.2,80000.0,92.46
2025-12-08T17:10:05Z,100000,4000,50,0.10,10,5121,73915.7,80000.0,92.39
2025-12-08T17:10:11Z,100000,4000,50,0.30,10,5119,74312.4,80000.0,92.89
2025-12-08T17:10:16Z,100000,4000,100,0.00,10,5220,37803.1,40000.0,94.51
2025-12-08T17:10:22Z,100000,4000,100,0.10,10,5220,37721.7,40000.0,94.30
2025-12-08T17:10:28Z,100000,4000,100,0.30,10,5121,37839.0,40000.0,94.60
2025-12-08T17:10:33Z,100000,4500,10,0.00,10,5030,367416.1,450000.0,81.65
2025-12-08T17:10:38Z,100000,4500,10,0.10,10,5029,368510.1,450000.0,81.89
2025-12-08T17:10:44Z,100000,4500,10,0.30,10,5029,368977.8,450000.0,82.00
2025-12-08T17:10:49Z,100000,4500,50,0.00,10,5069,82041.6,90000.0,91.16
2025-12-08T17:10:55Z,100000,4500,50,0.10,10,5121,80448.7,90000.0,89.39
2025-12-08T17:11:01Z,100000,4500,50,0.30,10,5121,79844.4,90000.0,88.72
2025-12-08T17:11:06Z,100000,4500,100,0.00,10,5220,40963.2,45000.0,91.03
2025-12-08T17:11:12Z,100000,4500,100,0.10,10,5220,41035.7,45000.0,91.19
2025-12-08T17:11:18Z,100000,4500,100,0.30,10,5221,40934.0,45000.0,90.96
2025-12-08T17:11:23Z,100000,5000,10,0.00,10,5030,408591.9,500000.0,81.72
2025-12-08T17:11:28Z,100000,5000,10,0.10,10,5041,393643.4,500000.0,78.73
2025-12-08T17:11:34Z,100000,5000,10,0.30,10,5030,420517.9,500000.0,84.10
2025-12-08T17:11:39Z,100000,5000,50,0.00,10,5068,91915.5,100000.0,91.92
2025-12-08T17:11:45Z,100000,5000,50,0.10,10,5070,92225.7,100000.0,92.23
2025-12-08T17:11:50Z,100000,5000,50,0.30,10,5070,91911.9,100000.0,91.91
2025-12-08T17:11:56Z,100000,5000,100,0.00,10,5119,46825.5,50000.0,93.65
2025-12-08T17:12:02Z,100000,5000,100,0.10,10,5120,46649.1,50000.0,93.30
2025-12-08T17:12:07Z,100000,5000,100,0.30,10,5120,45270.6,50000.0,90.54
2025-12-08T17:30:53Z,100000,200,35,0.00,10,20091,5591.5,5600.0,99.85
2025-12-08T17:31:13Z,100000,225,35,0.00,10,20091,6280.4,6300.0,99.69
2025-12-08T17:31:29Z,100000,250,35,0.00,10,15091,6987.7,7000.0,99.82
2025-12-08T17:31:44Z,100000,275,35,0.00,10,15091,7678.5,7700.0,99.72
2025-12-08T17:32:00Z,100000,300,35,0.00,10,15090,8364.6,8400.0,99.58
2025-12-08T17:32:15Z,100000,325,35,0.00,10,15090,9061.8,9100.0,99.58
2025-12-08T17:32:31Z,100000,350,35,0.00,10,15090,9759.4,9800.0,99.59
2025-12-08T17:32:41Z,100000,375,35,0.00,10,10090,10448.4,10500.0,99.51
2025-12-08T17:32:52Z,100000,400,35,0.00,10,10090,11153.3,11200.0,99.58
2025-12-08T17:33:02Z,100000,425,35,0.00,10,10091,11819.5,11900.0,99.32
2025-12-08T17:33:13Z,100000,450,35,0.00,10,10091,12508.1,12600.0,99.27
2025-12-08T17:33:23Z,100000,475,35,0.00,10,10090,13182.3,13300.0,99.11
2025-12-08T17:33:34Z,100000,500,35,0.00,10,10091,13894.7,14000.0,99.25
2025-12-08T17:33:44Z,100000,525,35,0.00,10,10090,14560.1,14700.0,99.05
2025-12-08T17:33:55Z,100000,550,35,0.00,10,10091,15270.3,15400.0,99.16
2025-12-08T17:34:05Z,100000,575,35,0.00,10,10090,15969.8,16100.0,99.19
2025-12-08T17:34:16Z,100000,600,35,0.00,10,10091,16606.8,16800.0,98.85
2025-12-08T17:34:26Z,100000,625,35,0.00,10,10090,17363.0,17500.0,99.22
2025-12-08T17:34:37Z,100000,650,35,0.00,10,10090,18019.8,18200.0,99.01
2025-12-08T17:34:47Z,100000,675,35,0.00,10,10081,18717.2,18900.0,99.03
2025-12-08T17:34:58Z,100000,700,35,0.00,10,10091,19377.8,19600.0,98.87
2025-12-08T17:35:03Z,100000,725,35,0.00,10,5071,20137.7,20300.0,99.20
2025-12-08T17:35:09Z,100000,750,35,0.00,10,5090,20666.2,21000.0,98.41
2025-12-08T17:35:14Z,100000,775,35,0.00,10,5090,21367.5,21700.0,98.47
2025-12-08T17:35:20Z,100000,800,35,0.00,10,5091,22116.7,22400.0,98.74
2025-12-08T17:35:25Z,100000,825,35,0.00,10,5090,22678.0,23100.0,98.17
2025-12-08T17:35:31Z,100000,850,35,0.00,10,5090,23406.1,23800.0,98.34
2025-12-08T17:35:36Z,100000,875,35,0.00,10,5091,24017.4,24500.0,98.03
2025-12-08T17:35:42Z,100000,900,35,0.00,10,5090,24707.2,25200.0,98.04
2025-12-08T17:35:47Z,100000,925,35,0.00,10,5071,25534.3,25900.0,98.59
2025-12-08T17:35:53Z,100000,950,35,0.00,10,5090,26073.6,26600.0,98.02
2025-12-08T17:35:58Z,100000,975,35,0.00,10,5090,26713.6,27300.0,97.85
2025-12-08T17:36:04Z,100000,1000,35,0.00,10,5091,27488.9,28000.0,98.17
2025-12-08T17:37:35Z,100000,1050,35,0.00,10,5091,28708.9,29400.0,97.65
2025-12-08T17:37:40Z,100000,1100,35,0.00,10,5090,30243.3,30800.0,98.19
2025-12-08T17:37:46Z,100000,1150,35,0.00,10,5090,31481.5,32200.0,97.77
2025-12-08T17:37:51Z,100000,1200,35,0.00,10,5090,32665.5,33600.0,97.22
2025-12-08T17:37:57Z,100000,1250,35,0.00,10,5090,34253.3,35000.0,97.87
2025-12-08T17:38:02Z,100000,1300,35,0.00,10,5090,35557.2,36400.0,97.68
2025-12-08T17:38:08Z,100000,1350,35,0.00,10,5090,36699.5,37800.0,97.09
2025-12-08T17:38:13Z,100000,1400,35,0.00,10,5091,38005.1,39200.0,96.95
2025-12-08T17:38:19Z,100000,1450,35,0.00,10,5089,39604.1,40600.0,97.55
2025-12-08T17:38:24Z,100000,1500,35,0.00,10,5090,40687.3,42000.0,96.87
2025-12-08T17:38:30Z,100000,1550,35,0.00,10,5090,42078.4,43400.0,96.95
2025-12-08T17:38:35Z,100000,1600,35,0.00,10,5090,43150.1,44800.0,96.32
2025-12-08T17:38:41Z,100000,1650,35,0.00,10,5091,44634.9,46200.0,96.61
2025-12-08T17:38:46Z,100000,1700,35,0.00,10,5091,46040.9,47600.0,96.72
2025-12-08T17:38:52Z,100000,1750,35,0.00,10,5090,47099.4,49000.0,96.12
2025-12-08T17:38:58Z,100000,1800,35,0.00,10,5091,48596.2,50400.0,96.42
2025-12-08T17:39:03Z,100000,1850,35,0.00,10,5090,49177.8,51800.0,94.94
2025-12-08T17:39:09Z,100000,1900,35,0.00,10,5090,51137.3,53200.0,96.12
2025-12-08T17:39:14Z,100000,1950,35,0.00,10,5071,52687.8,54600.0,96.50
2025-12-08T17:39:20Z,100000,2000,35,0.00,10,5090,54080.1,56000.0,96.57
2025-12-08T17:39:25Z,100000,2050,35,0.00,10,5090,55058.0,57400.0,95.92
2025-12-08T17:39:31Z,100000,2100,35,0.00,10,5090,56257.7,58800.0,95.68
2025-12-08T17:39:36Z,100000,2150,35,0.00,10,5090,57377.2,60200.0,95.31
2025-12-08T17:39:42Z,100000,2200,35,0.00,10,5090,58779.6,61600.0,95.42
2025-12-08T17:39:47Z,100000,2250,35,0.00,10,5090,59098.6,63000.0,93.81
2025-12-08T17:39:53Z,100000,2300,35,0.00,10,5091,61144.6,64400.0,94.94
2025-12-08T17:39:58Z,100000,2350,35,0.00,10,5091,62555.9,65800.0,95.07
2025-12-08T17:40:04Z,100000,2400,35,0.00,10,5091,63891.2,67200.0,95.08
2025-12-08T17:40:09Z,100000,2450,35,0.00,10,5090,65353.6,68600.0,95.27
2025-12-08T17:40:15Z,100000,2500,35,0.00,10,5090,67009.2,70000.0,95.73
2025-12-08T17:40:20Z,100000,2600,35,0.00,10,5091,68796.8,72800.0,94.50
2025-12-08T17:40:26Z,100000,2700,35,0.00,10,5090,70962.2,75600.0,93.87
2025-12-08T17:40:31Z,100000,2800,35,0.00,10,5090,74160.7,78400.0,94.59
2025-12-08T17:40:37Z,100000,2900,35,0.00,10,5089,76208.4,81200.0,93.85
2025-12-08T17:40:42Z,100000,3000,35,0.00,10,5091,78633.8,84000.0,93.61
2025-12-08T17:40:48Z,100000,3100,35,0.00,10,5090,78515.3,86800.0,90.46
2025-12-08T17:40:53Z,100000,3200,35,0.00,10,5090,82973.9,89600.0,92.60
2025-12-08T17:40:59Z,100000,3300,35,0.00,10,5090,85635.3,92400.0,92.68
2025-12-08T17:41:04Z,100000,3400,35,0.00,10,5091,87570.5,95200.0,91.99
2025-12-08T17:41:10Z,100000,3500,35,0.00,10,5091,90901.9,98000.0,92.76
2025-12-08T17:41:16Z,100000,3600,35,0.00,10,5090,93072.1,100800.0,92.33
2025-12-08T17:41:21Z,100000,3700,35,0.00,10,5089,94932.9,103600.0,91.63
2025-12-08T17:41:27Z,100000,3800,35,0.00,10,5090,97177.1,106400.0,91.33
2025-12-08T17:41:32Z,100000,3900,35,0.00,10,5091,100577.7,109200.0,92.10
2025-12-08T17:41:38Z,100000,4000,35,0.00,10,5091,104248.8,112000.0,93.08
2025-12-08T17:41:43Z,100000,4100,35,0.00,10,5090,104403.2,114800.0,90.94
2025-12-08T17:41:49Z,100000,4200,35,0.00,10,5089,108537.7,117600.0,92.29
2025-12-08T17:41:54Z,100000,4300,35,0.00,10,5060,112385.2,120400.0,93.34
2025-12-08T17:42:00Z,100000,4400,35,0.00,10,5060,116304.8,123200.0,94.40
2025-12-08T17:42:05Z,100000,4500,35,0.00,10,5072,109910.0,126000.0,87.23
2025-12-08T17:42:11Z,100000,4600,35,0.00,10,5089,117975.4,128800.0,91.60
2025-12-08T17:42:16Z,100000,4700,35,0.00,10,5091,117844.5,131600.0,89.55
2025-12-08T17:42:22Z,100000,4800,35,0.00,10,5090,123303.5,134400.0,91.74
2025-12-08T17:42:27Z,100000,4900,35,0.00,10,5058,127268.9,137200.0,92.76
2025-12-08T17:42:33Z,100000,5000,35,0.00,10,5059,128136.0,140000.0,91.53
2026-04-05T13:24:34+01:00,1000000,500,0,0.00,10,1010,1719758.5,-1.0,-1.00
